Income,Debts,Loan_Amount,Dependents,Business,Insured_Income,Assets_Above_40k,Gender,Education,Credit_History,Loan_Status
23525.0,13350,159685,7,No,7279.0,Yes,Male,Non-Graduate,Good,Approved
24968.0,69669,250680,3,No,26176.0,No,Female,Graduate,Bad,Rejected
13053.0,70831,127740,3,Yes,12993.0,Yes,Female,Graduate,Good,Approved
11801.0,67364,115666,0,No,10110.0,No,Male,Graduate,Good,Rejected
13096.0,14596,117223,3,No,9517.0,No,Female,Graduate,Good,Rejected
27556.0,169269,210483,0,No,16943.0,No,Male,Graduate,Good,Approved
21779.0,182256,242178,7,No,9856.0,Yes,Female,Graduate,Good,Approved
8506.0,166183,47449,7,No,10113.0,No,Male,Non-Graduate,Good,Rejected
6252.0,123395,58121,6,No,5126.0,No,Male,Non-Graduate,Good,Rejected
25224.0,131149,151464,0,No,25190.0,No,Male,Graduate,Bad,Rejected
17763.0,31575,92965,1,No,19768.0,No,Female,,Bad,Approved
17990.0,104537,164616,6,No,13788.0,No,Male,Graduate,Good,Approved
13335.0,102665,68815,1,No,11770.0,No,Female,Graduate,Good,Rejected
,61681,69248,7,Yes,3204.0,No,Female,Graduate,Bad,Rejected
23977.0,82503,209060,5,Yes,23248.0,No,Male,Non-Graduate,Good,Approved
11269.0,154091,88904,6,No,7404.0,Yes,Male,Non-Graduate,Good,Rejected
25445.0,126161,172979,4,No,29230.0,Yes,Male,Non-Graduate,Good,Approved
15320.0,48901,120386,3,No,6419.0,No,Female,Graduate,Good,Approved
5539.0,71719,32035,4,No,2324.0,No,Male,Graduate,Good,Rejected
26357.0,133789,214136,0,Yes,31425.0,No,Male,Graduate,Good,Approved
23071.0,132822,275627,0,No,16599.0,Yes,Female,Non-Graduate,Good,Approved
15921.0,140518,182768,5,Yes,15543.0,No,Female,Graduate,Good,Approved
15757.0,101358,137517,3,No,18579.0,Yes,Male,Non-Graduate,Good,Approved
27868.0,20581,202196,4,No,30278.0,Yes,Male,Graduate,Good,Approved
22675.0,147550,231922,7,Yes,18737.0,Yes,Male,Graduate,Good,Approved
16447.0,170987,142387,5,No,6670.0,No,Female,Non-Graduate,Good,Rejected
21448.0,150288,164195,5,No,21261.0,No,Male,Non-Graduate,Good,Approved
6906.0,154470,56306,4,Yes,8147.0,No,Female,Non-Graduate,Bad,Rejected
17234.0,21563,88341,2,Yes,18651.0,Yes,Male,Graduate,Good,Approved
15453.0,126446,101086,1,No,13323.0,No,Female,Graduate,Good,Approved
19565.0,48770,181160,5,No,21616.0,No,Male,Non-Graduate,Good,Approved
5502.0,148056,33763,0,No,3840.0,No,Female,,Bad,Rejected
25876.0,39974,134645,0,No,30301.0,Yes,Male,Graduate,Bad,Approved
28788.0,198370,151108,2,No,24555.0,No,Male,Graduate,Good,Approved
8444.0,85595,82076,3,No,8838.0,No,Female,Graduate,Good,Rejected
8748.0,128876,76952,2,No,6976.0,No,Female,Graduate,Bad,Rejected
,186626,92528,1,No,5908.0,No,Male,Non-Graduate,Good,Rejected
16338.0,148922,100085,5,No,7869.0,No,Male,Graduate,Good,Rejected
17015.0,85530,142134,3,Yes,12014.0,No,Male,Non-Graduate,Bad,Approved
20787.0,846,145238,4,Yes,7111.0,Yes,Male,Graduate,Good,Approved
25877.0,64077,205950,2,No,13670.0,No,Female,Non-Graduate,Good,Approved
11331.0,165459,92302,4,Yes,10110.0,No,Female,Non-Graduate,Good,Rejected
7557.0,92374,49995,4,Yes,5985.0,No,Female,Graduate,Bad,Rejected
10122.0,194555,69851,3,No,11273.0,No,Female,Graduate,Good,Rejected
23639.0,158768,216775,3,No,17361.0,Yes,Female,Graduate,Good,Approved
19257.0,180760,127321,4,No,8262.0,No,Female,Graduate,Good,Rejected
16314.0,47837,146339,0,No,6441.0,No,Male,Graduate,Good,Approved
10104.0,44547,110500,2,No,9219.0,No,Female,Non-Graduate,Bad,Rejected
18121.0,148757,151698,5,No,21199.0,Yes,Female,Graduate,Good,Approved
15015.0,154893,177390,0,No,7688.0,No,Male,Non-Graduate,Good,Approved
7082.0,44813,83255,5,No,3680.0,No,Male,Graduate,Bad,Rejected
9637.0,53268,62724,0,Yes,,No,Male,Graduate,Bad,Rejected
16411.0,100158,111422,3,No,16457.0,No,Female,Graduate,Good,Approved
13808.0,36062,79278,5,No,10038.0,No,Female,Non-Graduate,Good,Rejected
22568.0,165601,164816,4,No,18090.0,Yes,Male,Graduate,Good,Approved
23431.0,159096,120576,6,No,9973.0,Yes,Female,Non-Graduate,Good,Approved
13787.0,179615,82236,6,No,11328.0,No,Male,Graduate,Good,Rejected
9426.0,26734,90732,7,Yes,7269.0,No,Male,Non-Graduate,Good,Approved
5854.0,55318,48905,4,No,6366.0,No,Male,Graduate,Good,Rejected
15916.0,1435,161994,6,Yes,16020.0,No,Female,Non-Graduate,Bad,Approved
24554.0,141467,255566,4,No,21127.0,No,Male,Graduate,Good,Approved
7612.0,131189,70360,0,Yes,7033.0,No,Male,Graduate,Good,Approved
,132413,74202,5,No,6699.0,No,Female,Non-Graduate,Good,Rejected
11585.0,20609,102479,4,Yes,12101.0,No,Male,Non-Graduate,Good,Approved
12357.0,115608,62739,0,No,11388.0,No,Male,Non-Graduate,Good,Rejected
24307.0,66262,143883,6,Yes,16313.0,No,Female,,Good,Approved
11731.0,45028,120014,6,No,4144.0,No,Male,,Bad,Rejected
11881.0,75932,61992,7,No,7865.0,No,Male,Graduate,Bad,Rejected
16653.0,189139,143021,0,No,9312.0,No,Male,Graduate,Good,Approved
24223.0,175695,148869,4,No,11614.0,Yes,Female,Graduate,Good,Approved
7695.0,42078,62518,3,Yes,8552.0,No,Male,Graduate,Good,Approved
18407.0,199319,98197,7,No,7979.0,No,Male,Non-Graduate,Bad,Rejected
16657.0,121826,105899,7,No,18530.0,Yes,Male,Graduate,Bad,Rejected
8330.0,112217,73435,4,No,7858.0,No,Male,Graduate,Bad,Rejected
24492.0,168220,262822,4,No,20444.0,No,Female,Graduate,Bad,Rejected
10423.0,19956,104976,1,No,4191.0,No,Female,Graduate,Good,Rejected
27925.0,112573,296272,0,No,21493.0,Yes,Female,,Good,Approved
22912.0,76125,147210,7,No,15550.0,No,Female,Non-Graduate,Good,Approved
28548.0,52375,198274,6,No,29692.0,Yes,Female,Non-Graduate,Good,Approved
10539.0,152638,57854,3,No,10806.0,No,Male,Non-Graduate,Bad,Rejected
26925.0,41844,221650,5,No,13985.0,No,Male,Non-Graduate,Bad,Rejected
8943.0,161177,70087,1,No,6962.0,No,Female,,Bad,Rejected
13120.0,156222,81988,3,Yes,3951.0,No,Male,Non-Graduate,Good,Approved
28939.0,42101,266614,1,No,22688.0,Yes,Male,Graduate,Good,Approved
19207.0,2079,229876,4,No,20483.0,No,Male,Graduate,Bad,Rejected
5851.0,11344,29775,0,Yes,6680.0,No,Male,,Bad,Rejected
21509.0,180858,150441,3,No,20350.0,No,Female,Non-Graduate,Good,Approved
28960.0,34701,208695,1,No,18113.0,Yes,Male,Graduate,Good,Approved
5667.0,115005,54682,0,No,5306.0,No,Female,Graduate,Good,Rejected
28328.0,164608,222837,1,No,23316.0,No,Female,,Good,Approved
5190.0,54771,59836,5,No,4323.0,No,Male,Graduate,Good,Rejected
9777.0,31653,71025,7,No,7039.0,No,Male,Graduate,Bad,Rejected
18245.0,24354,124521,5,No,20170.0,No,Female,Non-Graduate,Bad,Rejected
,14153,93308,6,Yes,3991.0,No,Female,Graduate,Bad,Rejected
28793.0,47638,235004,3,No,13366.0,Yes,Male,Graduate,Bad,Approved
27386.0,60774,262317,5,No,32251.0,No,Female,Graduate,Good,Approved
25159.0,86231,265626,4,Yes,8841.0,Yes,Female,Graduate,Good,Approved
28247.0,65545,188102,1,No,15737.0,No,Male,,Good,Approved
19541.0,88236,212058,6,No,,No,Female,Graduate,Good,Approved
27984.0,176611,203194,3,No,9749.0,Yes,Female,Graduate,Good,Approved
22312.0,148746,125058,0,No,11786.0,Yes,Female,Non-Graduate,Bad,Rejected
,120993,163060,4,No,7724.0,No,Male,Graduate,Bad,Rejected
21907.0,49268,261201,1,No,11346.0,No,Female,Non-Graduate,Bad,Rejected
28482.0,132717,177255,2,No,15044.0,Yes,Male,Graduate,Good,Approved
10486.0,141688,96628,2,No,9070.0,No,Female,Graduate,Good,Rejected
25020.0,2050,269613,2,No,24162.0,No,Male,Graduate,Bad,Approved
10052.0,146968,88539,2,No,4504.0,No,Female,Graduate,Good,Rejected
5302.0,181002,43746,2,No,5446.0,No,Female,Non-Graduate,Good,Rejected
28052.0,80910,288009,2,No,17608.0,Yes,Female,Non-Graduate,Good,Approved
23271.0,44859,219809,1,No,24692.0,Yes,Male,Graduate,Bad,Approved
28805.0,88929,169276,7,Yes,8976.0,No,Female,Non-Graduate,Good,Approved
18456.0,136156,154984,3,No,7156.0,No,Female,Graduate,Good,Approved
,108737,98471,2,Yes,8255.0,Yes,Male,Non-Graduate,Good,Approved
22844.0,29257,241921,7,No,16837.0,No,Female,Graduate,Good,Approved
27823.0,123781,255721,0,No,17852.0,No,Female,Non-Graduate,Bad,Rejected
11655.0,27856,127460,1,Yes,13373.0,No,Female,Graduate,Good,Approved
23047.0,2336,216905,6,No,8730.0,Yes,Female,Graduate,Good,Approved
27890.0,158496,218903,7,No,11806.0,Yes,Male,,Good,Approved
12390.0,6960,115419,2,No,,No,Male,Graduate,Good,Rejected
15248.0,4757,112234,1,No,6308.0,No,Female,Graduate,Bad,Rejected
24963.0,133052,124847,2,Yes,11344.0,No,Male,Non-Graduate,Good,Approved
27009.0,19063,251895,4,No,29825.0,Yes,Male,Non-Graduate,Good,Approved
6531.0,102979,48469,6,No,6158.0,No,Male,Non-Graduate,Good,Rejected
13338.0,19256,118660,1,No,11829.0,Yes,Male,Graduate,Good,Approved
17688.0,195716,194849,7,Yes,10906.0,No,Male,Graduate,Bad,Rejected
10536.0,122732,93819,5,No,10932.0,No,Male,Graduate,Good,Rejected
10745.0,37265,86353,5,Yes,12841.0,No,Male,Non-Graduate,Good,Approved
21958.0,74532,174128,7,Yes,17465.0,No,Female,Non-Graduate,Good,Approved
11949.0,148554,121581,0,No,8626.0,No,Female,Non-Graduate,Good,Rejected
26168.0,91659,295141,3,Yes,29553.0,No,Male,Graduate,,Approved
22955.0,94071,201335,1,No,23341.0,Yes,Female,Graduate,Good,Approved
13580.0,175136,151535,3,No,7827.0,No,Female,Graduate,Good,Rejected
13680.0,119719,132695,4,No,4855.0,Yes,Female,Non-Graduate,Good,Rejected
22680.0,51047,121258,1,No,20562.0,No,Female,,Bad,Rejected
9452.0,23051,78643,6,Yes,4764.0,No,Male,Graduate,Good,Approved
28425.0,125808,261057,2,No,25110.0,Yes,Female,Graduate,Good,Approved
13392.0,124450,76644,0,No,5613.0,No,Male,Non-Graduate,Good,Rejected
,71315,74834,3,No,4050.0,No,Male,Graduate,Good,Rejected
24769.0,75703,252890,2,No,26035.0,Yes,Male,Non-Graduate,Bad,Approved
18417.0,176659,100997,3,No,6008.0,Yes,Female,Graduate,Good,Approved
19502.0,155890,213034,4,Yes,17332.0,Yes,Female,Non-Graduate,Good,Approved
20087.0,175399,152953,5,No,15078.0,No,Male,Graduate,Bad,Rejected
8627.0,17602,96406,7,Yes,7154.0,No,Female,Graduate,Good,Approved
21646.0,8666,203994,1,Yes,12802.0,No,Female,Non-Graduate,Bad,Approved
27355.0,179362,169151,2,No,12329.0,Yes,Female,Non-Graduate,Good,Approved
17647.0,82879,157310,6,No,15789.0,No,Male,Non-Graduate,Good,Approved
,168383,185187,0,No,20342.0,Yes,Female,Graduate,Good,Approved
28509.0,196382,227264,4,Yes,20007.0,No,Female,Non-Graduate,Bad,Approved
25562.0,157732,304671,6,No,28645.0,No,Male,Non-Graduate,Bad,Rejected
16969.0,159024,153795,3,No,17075.0,No,Female,,Good,Approved
12651.0,32733,81837,4,No,10976.0,No,Male,Graduate,Good,Rejected
27403.0,92263,317494,7,Yes,13491.0,Yes,Female,,Good,Approved
24181.0,6368,166430,7,No,27959.0,No,Female,Non-Graduate,Good,Approved
9780.0,182992,64016,6,Yes,9099.0,No,Female,Graduate,Bad,Rejected
21282.0,191184,170347,5,Yes,20738.0,No,Male,Graduate,Good,Approved
26606.0,51226,160824,7,No,7986.0,No,Female,Graduate,Bad,Rejected
25583.0,151878,176472,7,No,11494.0,Yes,Male,Graduate,Good,Approved
16714.0,30448,116650,6,No,9787.0,No,Male,Non-Graduate,Good,Approved
22159.0,10954,166503,6,No,13022.0,Yes,Male,Non-Graduate,Good,Approved
23564.0,99986,243056,6,No,27801.0,Yes,Male,Graduate,Bad,Rejected
24170.0,151734,258759,5,No,17132.0,No,Female,Graduate,Bad,Rejected
28486.0,198747,316335,7,No,31702.0,No,Female,Graduate,Bad,Rejected
26545.0,165873,176550,3,No,14477.0,No,Female,Non-Graduate,Good,Approved
26689.0,186691,202835,2,No,25578.0,Yes,Male,Graduate,Good,Approved
18051.0,41846,122346,1,No,20586.0,No,Male,Graduate,Good,Approved
16516.0,126295,101689,2,No,13454.0,No,Female,Graduate,Bad,Rejected
20151.0,103892,191777,6,No,21316.0,No,Female,Non-Graduate,Bad,Rejected
24870.0,118533,125573,4,Yes,23114.0,No,Male,Non-Graduate,Good,Approved
21482.0,24442,136029,1,No,8909.0,Yes,Female,Graduate,Good,Approved
29829.0,1759,272925,4,No,9611.0,Yes,Female,Graduate,Good,Approved
29067.0,76218,178249,5,Yes,29969.0,Yes,Male,Non-Graduate,Bad,Approved
22214.0,192192,255732,7,No,20171.0,No,Female,Graduate,Bad,Rejected
27002.0,12219,237059,4,No,21695.0,No,Female,Graduate,Good,Approved
13152.0,127118,109006,2,No,10302.0,No,Male,Graduate,Good,Rejected
6150.0,89599,40520,6,No,2390.0,No,Female,Non-Graduate,Bad,Rejected
16312.0,74055,147168,3,No,14674.0,No,Female,Non-Graduate,Good,Approved
22043.0,22116,232690,3,No,18579.0,No,Female,Graduate,Good,Approved
6986.0,117718,72581,3,Yes,3321.0,No,Male,Non-Graduate,Bad,Rejected
25384.0,75713,206453,3,Yes,26467.0,Yes,Male,Non-Graduate,Good,Approved
22924.0,188051,150812,6,No,26243.0,Yes,Female,Graduate,Good,Approved
12805.0,4853,67433,3,No,5824.0,No,Male,Graduate,Good,Rejected
6542.0,34636,59536,4,No,2713.0,No,Female,Graduate,Good,Rejected
17468.0,191607,90139,1,No,,No,Male,Non-Graduate,Good,Approved
7479.0,86123,84293,1,No,4544.0,No,Male,Graduate,Good,Rejected
9363.0,100732,89525,7,No,3499.0,Yes,Female,Graduate,Good,Rejected
22412.0,125501,259502,6,Yes,9355.0,No,Female,Non-Graduate,,Approved
12022.0,26399,80227,3,Yes,4603.0,No,Female,Graduate,Good,Approved
13208.0,162552,102194,0,Yes,6645.0,No,Male,Graduate,Good,Approved
,102471,196773,5,No,32232.0,No,Male,Graduate,Bad,Rejected
16023.0,86988,105479,3,No,9039.0,Yes,Female,Graduate,Good,Approved
15478.0,193118,130303,5,No,5774.0,No,Female,Graduate,Good,Rejected
17338.0,181264,166322,2,No,9002.0,No,Male,Non-Graduate,Good,Approved
10334.0,135566,64219,4,Yes,11379.0,No,Male,Graduate,Bad,Rejected
18545.0,64435,216241,2,No,9172.0,No,Male,Non-Graduate,Good,Approved
28938.0,124714,311278,3,No,15101.0,No,Male,Graduate,Bad,Rejected
6409.0,94914,59077,6,Yes,5682.0,No,Male,Graduate,Good,Rejected
18446.0,137717,218929,7,Yes,10942.0,Yes,Male,Non-Graduate,Bad,Approved
18808.0,134828,145960,7,Yes,8541.0,No,Male,Graduate,Good,Approved
27301.0,197153,210153,7,No,16326.0,No,Female,Graduate,Good,Approved
10675.0,42533,102889,7,Yes,4122.0,No,Female,Graduate,Good,Approved
29233.0,3812,179248,4,No,13575.0,Yes,Male,Graduate,Good,Approved
28289.0,166844,172463,7,Yes,11722.0,No,Female,Graduate,Good,Approved
27361.0,193555,227217,0,No,11421.0,Yes,Male,Graduate,Good,Approved
10387.0,77454,123073,0,No,7587.0,No,Female,Non-Graduate,Good,Rejected
17775.0,67889,136035,2,No,16253.0,No,Female,Graduate,Good,Approved
21048.0,23510,195848,1,Yes,14868.0,No,Female,Graduate,Bad,Approved
24626.0,83122,177966,6,No,14340.0,No,Male,Non-Graduate,Bad,Rejected
8266.0,184697,67358,1,No,4411.0,No,Female,Graduate,Bad,Rejected
,120900,104657,5,No,11167.0,No,Male,Graduate,Good,Rejected
20444.0,144579,119741,0,No,21834.0,No,Female,Graduate,Good,Approved
6585.0,137541,68694,1,No,6420.0,No,Male,Non-Graduate,Good,Rejected
17685.0,43303,178898,3,No,16832.0,Yes,Male,Graduate,Good,Approved
28954.0,11536,202295,2,Yes,23118.0,Yes,Male,Non-Graduate,Good,Approved
10997.0,115953,131739,7,No,9923.0,No,Male,Graduate,Bad,Rejected
28714.0,166472,203757,1,No,33350.0,Yes,Female,Graduate,Bad,Approved
27399.0,159937,194696,4,No,31011.0,Yes,Male,Graduate,Good,Approved
28625.0,131878,333543,6,Yes,28396.0,No,Male,,Good,Approved
14339.0,134869,82967,4,No,4605.0,No,Female,Non-Graduate,Good,Rejected
12350.0,199988,122929,3,No,13653.0,Yes,Male,Non-Graduate,Good,Approved
11530.0,54028,70271,4,No,4545.0,No,Male,Non-Graduate,Good,Rejected
17874.0,155989,193451,2,No,18320.0,Yes,Male,Graduate,Bad,Approved
24760.0,25559,291462,3,Yes,20665.0,No,Male,,Bad,Approved
23030.0,122720,191385,2,Yes,8331.0,No,Male,Non-Graduate,Good,Approved
15253.0,16389,134273,6,No,7650.0,No,Male,Non-Graduate,Good,Approved
19388.0,82711,127710,7,Yes,7943.0,Yes,Female,Graduate,Good,Approved
5860.0,134668,54442,7,No,3991.0,No,Female,Graduate,Good,Rejected
29911.0,90327,206880,6,No,16092.0,Yes,Male,Graduate,Bad,Rejected
10895.0,75629,63447,5,No,12007.0,No,Male,Graduate,Good,Rejected
11254.0,115672,58410,0,No,8116.0,No,Male,Graduate,Bad,Rejected
16922.0,152592,89790,6,Yes,7959.0,No,Female,Graduate,Bad,Rejected
23077.0,12342,242661,1,No,17286.0,No,Male,Graduate,Bad,Approved
23360.0,62768,256468,1,No,13622.0,Yes,Female,Graduate,Bad,Approved
10177.0,21172,106534,6,No,8731.0,No,Female,Graduate,,Rejected
16261.0,80559,167606,5,No,17809.0,No,Female,Graduate,Good,Approved
24118.0,158357,212174,0,Yes,24198.0,No,Female,Graduate,Good,Approved
7747.0,189728,74160,5,Yes,6343.0,No,Female,Graduate,Good,Rejected
26919.0,146400,269821,3,No,,No,Female,Graduate,,Rejected
13717.0,174480,84964,7,No,13775.0,Yes,Male,Graduate,Good,Rejected
27248.0,46197,139037,2,No,24428.0,Yes,Female,Graduate,,Approved
6218.0,119771,51759,3,No,2580.0,No,Female,Non-Graduate,Bad,Rejected
10390.0,109779,73684,5,No,10537.0,No,Female,Graduate,Good,Rejected
8304.0,126108,50180,2,No,7976.0,No,Female,Non-Graduate,Good,Rejected
18284.0,168976,157289,1,No,10844.0,No,Female,Graduate,Good,Approved
11938.0,92124,76055,7,Yes,9204.0,No,Female,Non-Graduate,Good,Rejected
23032.0,96731,223116,0,No,15157.0,No,Female,Non-Graduate,Bad,Rejected
10258.0,83524,91367,2,No,11241.0,No,Male,Non-Graduate,Good,Rejected
7368.0,159601,45801,6,Yes,7319.0,No,Male,Graduate,Good,Rejected
11873.0,78477,107520,3,Yes,11149.0,No,Male,Non-Graduate,Good,Approved
6016.0,47362,30460,2,Yes,2076.0,No,Female,Non-Graduate,Good,Approved
16835.0,127738,163819,6,No,8267.0,No,Male,Non-Graduate,Good,Rejected
,32254,128854,3,No,9618.0,No,Female,Graduate,Bad,Rejected
17772.0,196713,147863,6,No,10759.0,No,Female,Graduate,Bad,Rejected
10124.0,105865,57239,3,No,6938.0,No,Female,Non-Graduate,Good,Rejected
9164.0,26431,70822,4,Yes,6564.0,No,Male,Non-Graduate,Good,Approved
8863.0,144931,49276,3,No,6583.0,No,Male,Graduate,Good,Rejected
22340.0,90397,262085,7,No,18875.0,No,Female,Non-Graduate,Good,Approved
16310.0,55337,157741,1,Yes,,No,Female,Non-Graduate,Good,Approved
13472.0,136727,117593,5,Yes,7819.0,No,Female,Graduate,Good,Rejected
15161.0,526,103749,3,No,11080.0,No,Female,Graduate,Good,Approved
16964.0,108099,197315,2,No,17029.0,No,Male,Graduate,Good,Approved
20761.0,189834,152963,7,Yes,21002.0,No,Male,Graduate,Good,Approved
5876.0,4263,39394,6,No,4181.0,No,Female,Graduate,Good,Rejected
13571.0,8512,123702,1,Yes,4169.0,No,Female,Graduate,Good,Approved
24360.0,194446,259841,2,No,13618.0,No,Female,,Bad,Rejected
,109575,114236,0,No,11712.0,No,Male,Graduate,Bad,Rejected
14521.0,23411,83414,6,No,13578.0,No,Female,Graduate,Bad,Rejected
,189004,113699,0,No,3664.0,No,Female,Graduate,Good,Rejected
5699.0,12175,66685,2,No,4218.0,No,Female,Non-Graduate,Good,Rejected
7502.0,33039,74424,0,No,3009.0,No,Female,Graduate,Good,Rejected
26472.0,119235,238546,0,Yes,28420.0,No,Male,Non-Graduate,Good,Approved
23048.0,159841,132292,1,Yes,17907.0,Yes,Male,Graduate,Good,Approved
24483.0,84555,153265,1,No,25422.0,No,Male,Non-Graduate,Good,Approved
8818.0,18639,93616,6,No,6407.0,No,Male,Graduate,Good,Rejected
25666.0,178954,128794,1,No,17623.0,Yes,Female,Graduate,Good,Approved
16151.0,45186,88584,3,No,7013.0,No,Male,Non-Graduate,Good,Approved
21850.0,124049,183338,0,No,7090.0,No,Female,Non-Graduate,Good,Approved
10530.0,160558,108621,1,No,7749.0,No,Female,Graduate,Good,Rejected
28190.0,146389,305262,3,No,9956.0,Yes,Female,Non-Graduate,Good,Approved
5995.0,20618,43074,0,Yes,3213.0,No,Male,Non-Graduate,Bad,Rejected
23222.0,74553,162020,7,No,10130.0,No,Female,Graduate,,Rejected
12587.0,89613,128286,4,No,14170.0,No,Female,Non-Graduate,Bad,Rejected
25309.0,179917,181881,6,No,16664.0,Yes,Female,,Bad,Rejected
7327.0,53028,46102,1,No,5541.0,No,Male,Graduate,Good,Rejected
19589.0,46240,100114,1,No,23452.0,No,Male,Graduate,Bad,Approved
24965.0,170738,249860,1,No,15073.0,Yes,Male,Non-Graduate,Good,Approved
10029.0,83560,66767,0,No,8804.0,No,Female,Graduate,Good,Rejected
14007.0,186178,162435,3,No,15532.0,No,Female,Graduate,Bad,Rejected
28893.0,169315,182830,7,Yes,17655.0,No,Female,Non-Graduate,Good,Approved
26633.0,73319,306472,2,No,23723.0,Yes,Female,Graduate,Bad,Approved
17394.0,157215,150922,6,No,16788.0,Yes,Female,Graduate,Bad,Rejected
10240.0,83309,69285,5,Yes,5601.0,No,Female,Graduate,Good,Rejected
9158.0,126209,63511,7,No,7990.0,No,Male,Non-Graduate,Good,Rejected
18184.0,146922,140256,2,No,10677.0,No,Male,Graduate,Good,Approved
26253.0,29402,290164,5,No,22440.0,No,Male,Graduate,Bad,Rejected
9642.0,63230,101278,1,No,6225.0,No,Male,Graduate,Good,Rejected
20202.0,74182,187849,3,Yes,13605.0,No,Male,Graduate,Good,Approved
11376.0,5109,83987,4,Yes,6563.0,No,Female,Graduate,Good,Approved
17323.0,168671,114825,4,No,20734.0,No,Female,Non-Graduate,Good,Approved
27118.0,82152,284304,5,No,11657.0,No,Male,Graduate,Good,Rejected
13755.0,149453,145370,3,Yes,7564.0,No,Male,Graduate,Good,Approved
21364.0,151563,189085,2,No,10194.0,Yes,Male,Non-Graduate,Bad,Rejected
27303.0,130282,170321,1,No,23625.0,No,Male,Non-Graduate,Good,Approved
19262.0,11555,207565,0,No,17882.0,No,Male,Graduate,Good,Approved
15647.0,161047,107302,2,No,18452.0,No,Female,Non-Graduate,Good,Approved
17677.0,53947,181279,5,No,18090.0,No,Female,Graduate,Bad,Rejected
27877.0,106661,283312,4,No,19708.0,No,Male,Graduate,Bad,Rejected
25880.0,38000,198698,4,No,18067.0,No,Female,,Bad,Rejected
5417.0,41786,55274,1,No,2944.0,No,Male,Graduate,Good,Rejected
11981.0,129749,87615,7,Yes,11202.0,No,Male,Graduate,Good,Rejected
10726.0,56276,61734,1,No,3336.0,No,Male,,Bad,Rejected
19527.0,134055,199105,6,No,16213.0,No,Male,Graduate,Good,Approved
10881.0,51474,63084,6,No,8815.0,No,Female,Non-Graduate,Good,Rejected
22209.0,25510,200774,7,Yes,17721.0,No,Female,Graduate,Good,Approved
24456.0,61413,168183,0,No,14351.0,No,Female,Graduate,Good,Approved
27841.0,61268,271918,0,No,,Yes,Female,Non-Graduate,Bad,Approved
20338.0,171024,191280,0,No,9140.0,Yes,Male,Graduate,Good,Approved
26556.0,125885,231722,2,No,20757.0,No,Male,Graduate,Good,Approved
21609.0,183675,159727,5,No,12759.0,Yes,Male,Graduate,Good,Approved
26732.0,127015,160786,4,Yes,15896.0,No,Female,,Bad,Approved
16649.0,75683,143991,7,Yes,17024.0,No,Female,Graduate,Bad,Approved
5161.0,1828,29246,3,Yes,3023.0,No,Female,Graduate,Good,Approved
28419.0,149646,216554,4,No,10490.0,No,Male,Graduate,Bad,Rejected
11295.0,19816,83638,2,No,10750.0,No,Female,Graduate,Good,Rejected
29466.0,73972,296540,3,No,25216.0,No,Male,Non-Graduate,Good,Approved
24708.0,133541,220426,6,No,21207.0,Yes,Female,,Good,Approved
21964.0,38890,230334,7,No,22233.0,No,Female,Non-Graduate,Good,Approved
22429.0,52487,126735,2,No,25385.0,Yes,Female,Non-Graduate,Good,Approved
24222.0,184074,197430,1,No,15193.0,No,Female,Non-Graduate,,Approved
5504.0,60504,51395,4,No,1952.0,No,Male,Graduate,Bad,Rejected
19948.0,15524,174060,0,No,13522.0,Yes,Male,Graduate,Bad,Approved
28003.0,112855,331103,3,Yes,18872.0,No,Male,Non-Graduate,Good,Approved
,173021,200938,2,No,12896.0,No,Female,Graduate,Bad,Rejected
17972.0,103320,139357,5,No,10504.0,No,Female,Non-Graduate,Good,Rejected
9171.0,193259,52540,2,No,4466.0,No,Female,Non-Graduate,Good,Rejected
28654.0,4632,262569,4,No,23070.0,No,Male,Non-Graduate,Good,Approved
19172.0,189138,146653,3,No,20642.0,No,Male,Graduate,Good,Approved
15150.0,7906,165339,6,No,5789.0,No,Female,Non-Graduate,Bad,Rejected
27687.0,182932,234573,0,No,13742.0,Yes,Male,Graduate,Good,Approved
28386.0,52307,175139,3,No,12073.0,No,Female,Non-Graduate,Good,Approved
19069.0,125995,218189,1,No,16196.0,Yes,Female,Graduate,Good,Approved
26136.0,101371,144660,4,Yes,14835.0,No,Male,Graduate,Bad,Approved
8009.0,23236,55616,6,No,4437.0,No,Male,Non-Graduate,Bad,Rejected
27299.0,59379,260803,2,No,21343.0,Yes,Female,Non-Graduate,Good,Approved
,87388,73062,0,No,8928.0,No,Male,Non-Graduate,Good,Rejected
5569.0,184466,32591,4,No,5581.0,No,Female,Graduate,Good,Rejected
10986.0,120307,60669,6,Yes,9751.0,No,Female,Non-Graduate,Good,Rejected
7427.0,105423,82847,4,No,3881.0,No,Male,Non-Graduate,Bad,Rejected
23290.0,170413,185158,2,No,18097.0,No,Female,Non-Graduate,Good,Approved
13529.0,87958,151334,4,No,7892.0,No,Female,Graduate,Good,Rejected
15160.0,160831,164744,4,Yes,14248.0,No,Female,Non-Graduate,Good,Approved
21157.0,44028,149751,7,No,10570.0,No,Male,Graduate,Bad,Rejected
13155.0,40738,115073,5,Yes,4010.0,No,Male,Non-Graduate,Good,Approved
12941.0,84976,99083,4,No,4269.0,Yes,Female,Graduate,,Rejected
6021.0,91922,45819,5,No,2981.0,No,Female,Non-Graduate,Good,Rejected
25932.0,121008,191576,7,Yes,12061.0,No,Female,,Good,Approved
14762.0,88861,127722,4,No,5301.0,No,Male,Graduate,Good,Rejected
6154.0,70480,48052,4,No,6152.0,No,Male,Graduate,Good,Rejected
28355.0,179357,279050,4,No,11969.0,Yes,Female,Graduate,Bad,Rejected
10699.0,149521,66262,7,No,9126.0,No,Female,Graduate,Good,Rejected
5206.0,39711,61136,2,No,5333.0,No,Male,Graduate,Bad,Rejected
13716.0,176720,85647,2,No,10839.0,No,Male,Graduate,Good,Rejected
8267.0,51571,46760,4,Yes,2672.0,No,Female,Graduate,Bad,Rejected
18773.0,155002,111305,6,Yes,21124.0,Yes,Male,Non-Graduate,Good,Approved
14907.0,188456,139121,2,No,15416.0,No,Female,Graduate,Good,Rejected
6678.0,96646,61669,0,Yes,6701.0,No,Male,Non-Graduate,Good,Approved
23942.0,112581,127027,2,Yes,19371.0,No,Female,,Good,Approved
7779.0,157364,74813,1,No,2615.0,No,Male,Graduate,Good,Rejected
14474.0,125733,131849,4,Yes,15683.0,No,Female,Graduate,Good,Approved
24711.0,47057,278933,7,No,20148.0,No,Female,Graduate,Bad,Rejected
15040.0,93106,87090,4,No,7458.0,No,Female,Graduate,Bad,Rejected
21198.0,120430,119416,7,No,17161.0,Yes,Male,Non-Graduate,Good,Approved
14576.0,159903,116640,3,No,7555.0,No,Female,Graduate,Good,Rejected
11910.0,14060,75252,5,No,12118.0,No,Female,Non-Graduate,Bad,Rejected
15817.0,25053,163806,0,No,12803.0,No,Male,Graduate,Good,Approved
16284.0,7561,152697,5,No,8403.0,No,Female,Graduate,Bad,Rejected
12114.0,140975,106576,5,Yes,10228.0,No,Male,Non-Graduate,Bad,Rejected
13311.0,38709,92585,3,Yes,5940.0,No,Female,,Good,Approved
25227.0,168048,203333,1,No,28166.0,Yes,Male,Non-Graduate,Good,Approved
11090.0,85553,109737,5,No,4698.0,No,Male,Non-Graduate,Bad,Rejected
14860.0,132079,150508,5,No,15322.0,No,Female,Graduate,Good,Rejected
9389.0,60279,99509,2,No,9252.0,No,Male,Non-Graduate,Bad,Rejected
26518.0,143026,179981,1,No,9205.0,Yes,Male,Non-Graduate,Bad,Rejected
13415.0,167581,84609,0,No,8455.0,No,Female,Graduate,Good,Rejected
5202.0,27306,55985,5,No,3923.0,No,Male,Non-Graduate,Good,Rejected
18877.0,144071,120436,0,Yes,16673.0,Yes,Male,Graduate,Bad,Approved
28161.0,68760,149897,3,No,30297.0,No,Male,Non-Graduate,Good,Approved
21244.0,163059,181849,7,Yes,16385.0,No,Male,,Bad,Approved
10056.0,86740,74400,5,No,11045.0,No,Male,Graduate,Good,Rejected
10750.0,68577,87421,6,Yes,11351.0,No,Male,Non-Graduate,Good,Rejected
22308.0,111785,136777,2,No,16976.0,No,Female,Non-Graduate,Good,Approved
15230.0,103677,141164,3,No,5801.0,Yes,Female,Graduate,Bad,Rejected
,158518,53212,4,Yes,9782.0,No,Female,Non-Graduate,Bad,Rejected
20485.0,149369,104346,2,No,14267.0,Yes,Male,Graduate,Good,Approved
20422.0,106288,225653,5,Yes,10082.0,No,Male,Graduate,Good,Approved
5728.0,74910,63982,2,No,5728.0,No,Male,Graduate,Good,Rejected
27619.0,112221,291399,5,No,14039.0,No,Female,Non-Graduate,Good,Approved
29190.0,87955,319926,4,No,16587.0,No,Female,Non-Graduate,Good,Approved
5853.0,116739,68753,7,No,5317.0,No,Female,Graduate,Bad,Rejected
28203.0,128322,231860,1,No,29175.0,Yes,Female,Graduate,Good,Approved
29025.0,57660,316589,3,No,32630.0,No,Female,Graduate,Good,Approved
25939.0,126394,215067,7,Yes,11424.0,No,Male,Graduate,Bad,Rejected
9142.0,47924,97589,0,No,6489.0,No,Male,Graduate,Bad,Rejected
14207.0,94006,80483,5,No,15840.0,No,Male,Graduate,Good,Rejected
,91748,235670,3,No,17289.0,No,Male,Graduate,Bad,Rejected
19191.0,144991,185026,7,Yes,6141.0,Yes,Male,Graduate,Good,Approved
25570.0,76898,292990,7,No,19480.0,No,Female,Non-Graduate,Bad,Rejected
29340.0,28541,316042,7,Yes,22347.0,Yes,Female,Graduate,Bad,Approved
14146.0,156594,143727,5,Yes,14903.0,No,Male,Graduate,Good,Approved
15233.0,41427,138870,1,No,11593.0,No,Male,Graduate,Good,Approved
20125.0,66017,150613,1,No,22624.0,No,Male,Non-Graduate,Good,Approved
24128.0,34008,252798,0,No,,Yes,Male,Graduate,Good,Approved
9188.0,146323,53673,1,No,5869.0,No,Male,Non-Graduate,Bad,Rejected
21639.0,48874,122456,5,No,13774.0,No,Female,Graduate,Bad,Rejected
23227.0,170354,254526,4,No,17663.0,Yes,Female,Graduate,Good,Approved
28574.0,173279,336438,4,No,22611.0,No,Female,Graduate,Bad,Rejected
19683.0,33660,104821,4,No,16070.0,No,Male,Graduate,Good,Approved
22749.0,77129,263011,3,No,13274.0,Yes,Female,Graduate,Good,Approved
29323.0,73609,165710,4,No,13471.0,Yes,Female,Graduate,Good,Approved
26572.0,83559,314398,1,Yes,19200.0,No,Female,Graduate,Good,Approved
27677.0,56133,251169,1,No,16223.0,No,Female,Non-Graduate,Good,Approved
28333.0,100776,285420,2,No,10449.0,Yes,Male,Graduate,Good,Approved
5823.0,83300,60576,7,No,2403.0,No,Male,Graduate,Good,Rejected
13308.0,53276,112694,3,No,6566.0,No,Female,Graduate,Good,Rejected
8373.0,19541,82031,3,No,3589.0,No,Female,Graduate,Good,Rejected
13173.0,2573,132655,7,Yes,10232.0,No,Female,Graduate,Good,Approved
23589.0,72258,183528,2,Yes,17268.0,Yes,Male,Graduate,Bad,Approved
12629.0,105292,138993,1,No,13296.0,No,Female,Non-Graduate,Good,Rejected
17206.0,79239,132261,6,Yes,11947.0,Yes,Female,Non-Graduate,Good,Approved
28650.0,181144,270898,3,No,16973.0,Yes,Female,Non-Graduate,Bad,Approved
9736.0,97945,107921,7,No,11191.0,No,Female,Graduate,Bad,Rejected
21371.0,41914,196171,2,Yes,18921.0,Yes,Female,Graduate,Good,Approved
17946.0,30678,199440,0,No,14317.0,Yes,Female,Graduate,Bad,Approved
26277.0,105947,195087,6,No,11388.0,No,Female,Graduate,Bad,Rejected
19599.0,128377,103843,2,No,7755.0,No,Male,Graduate,Bad,Rejected
19486.0,139649,125554,0,No,6168.0,No,Male,Non-Graduate,Good,Approved
19423.0,26069,178348,0,No,23122.0,No,Female,Non-Graduate,Good,Approved
15173.0,64484,144803,3,No,8888.0,No,Male,Graduate,Good,Approved
15716.0,39986,137957,1,No,6666.0,No,Male,Non-Graduate,Good,Approved
24561.0,159674,134582,2,No,21286.0,No,Female,Graduate,Good,Approved
17144.0,29430,179374,5,Yes,11526.0,No,Female,Non-Graduate,Bad,Approved
10855.0,115033,66913,4,Yes,4635.0,No,Male,Non-Graduate,Bad,Rejected
21281.0,139892,128850,3,Yes,13760.0,No,Male,Graduate,Good,Approved
9621.0,35488,63876,3,No,5708.0,No,Female,Graduate,Bad,Rejected
9729.0,171672,100851,1,Yes,3513.0,No,Male,Graduate,Bad,Rejected
10878.0,131410,125077,4,No,8193.0,No,Male,,Good,Rejected
29052.0,19426,323638,6,No,22323.0,No,Male,Graduate,Good,Approved
24166.0,83691,203143,2,No,24249.0,No,Female,Graduate,Good,Approved
21312.0,98723,241030,3,Yes,16236.0,No,Female,Graduate,Good,Approved
22337.0,124343,143415,6,Yes,26685.0,No,Female,Non-Graduate,Good,Approved
22575.0,80435,259777,3,No,12925.0,Yes,Female,Non-Graduate,Good,Approved
5412.0,66150,48200,6,No,2880.0,No,Male,Non-Graduate,Bad,Rejected
15209.0,134165,145808,1,No,12939.0,No,Male,Graduate,Good,Approved
28093.0,191572,271494,2,No,10766.0,Yes,Female,Graduate,Good,Approved
28276.0,54917,172908,6,Yes,32576.0,No,Female,Graduate,Bad,Approved
27671.0,199976,240336,1,Yes,24360.0,No,Male,Non-Graduate,Good,Approved
26330.0,58606,242119,0,Yes,18255.0,Yes,Female,Graduate,Good,Approved
9892.0,194488,112029,1,No,8154.0,Yes,Female,Graduate,Good,Rejected
16493.0,160829,163309,4,Yes,11390.0,No,Male,Graduate,Good,Approved
8420.0,87127,90356,6,No,9280.0,No,Male,Graduate,Bad,Rejected
12560.0,164644,79661,4,No,4521.0,No,Female,Graduate,Good,Rejected
12989.0,127534,73800,4,No,5723.0,No,Female,Graduate,Good,Rejected
18986.0,127309,111273,5,No,17600.0,Yes,Male,Graduate,Good,Approved
25463.0,187918,194201,7,No,30189.0,Yes,Male,Graduate,Good,Approved
5055.0,69298,37334,0,No,,No,Male,Non-Graduate,Good,Rejected
29703.0,4425,214536,2,Yes,30406.0,No,Male,Non-Graduate,Bad,Approved
7568.0,97829,66103,6,No,3969.0,No,Female,Non-Graduate,Good,Rejected
17666.0,67444,116912,2,No,10456.0,No,Male,Graduate,Good,Approved
10801.0,193588,76487,7,No,5882.0,No,Male,,Good,Rejected
28001.0,165092,233746,1,No,23972.0,No,Male,Graduate,Bad,Rejected
24508.0,1622,186257,2,Yes,9870.0,No,Female,Non-Graduate,Good,Approved
17249.0,102870,130291,0,Yes,18097.0,No,Male,Graduate,Good,Approved
14268.0,133291,104387,1,No,14308.0,No,Male,Graduate,,Rejected
9777.0,8712,89866,5,No,9381.0,No,Female,Graduate,Good,Rejected
29300.0,82180,194631,6,Yes,11199.0,Yes,Male,Graduate,Bad,Approved
16296.0,11485,192604,4,Yes,14929.0,No,Male,Graduate,Good,Approved
18503.0,75897,173144,1,Yes,17830.0,Yes,Female,Graduate,Bad,Approved
22055.0,122413,120825,4,No,17945.0,No,Female,Graduate,Good,Approved
18716.0,74744,208511,6,Yes,9520.0,No,Male,Non-Graduate,Good,Approved
17043.0,7564,174636,6,No,16291.0,Yes,Male,Graduate,Good,Approved
7967.0,188204,57175,6,No,4759.0,No,Female,Non-Graduate,Bad,Rejected
7914.0,123618,67382,1,No,3584.0,No,Female,Graduate,Bad,Rejected
17185.0,116748,166449,2,No,12021.0,No,Male,Graduate,Bad,Rejected
26962.0,137443,239180,4,No,13384.0,No,Female,Graduate,Bad,Rejected
6895.0,167292,58902,2,Yes,6831.0,No,Male,Graduate,Bad,Rejected
7849.0,69626,67857,6,No,2525.0,No,Female,Non-Graduate,Good,Rejected
13838.0,144118,109477,3,No,7262.0,No,Female,Non-Graduate,Good,Rejected
8890.0,124040,104239,4,Yes,5161.0,No,Female,Graduate,Good,Rejected
26295.0,38258,282740,4,No,25787.0,No,Male,Graduate,Good,Approved
6059.0,187891,72425,7,No,5622.0,No,Female,Graduate,Bad,Rejected
25056.0,59129,265967,5,No,27134.0,Yes,Male,Graduate,Good,Approved
29032.0,175485,160824,7,No,10562.0,No,Male,Non-Graduate,Good,Rejected
22506.0,172070,220900,1,No,25729.0,No,Female,Non-Graduate,Good,Approved
18659.0,150201,205881,5,Yes,20474.0,No,Female,Graduate,Good,Approved
23446.0,108872,176190,2,No,9304.0,No,Male,Graduate,Good,Approved
24334.0,67642,229526,6,Yes,8934.0,No,Male,Graduate,Good,Approved
7693.0,10789,55546,7,No,2953.0,No,Female,Non-Graduate,Good,Rejected
,126678,149323,4,No,15922.0,No,Male,Non-Graduate,Good,Approved
26980.0,130273,251898,0,No,20798.0,No,Male,Non-Graduate,Good,Approved
13017.0,191617,65432,7,No,5568.0,Yes,Male,Non-Graduate,Good,Rejected
29114.0,184403,301099,1,Yes,31359.0,Yes,Female,Graduate,Good,Approved
18807.0,64754,157345,0,No,16744.0,Yes,Female,Graduate,Good,Approved
16252.0,51356,181132,0,No,7719.0,No,Female,Graduate,Good,Approved
10442.0,151151,87166,5,Yes,9463.0,No,Female,Non-Graduate,Good,Rejected
16637.0,161779,180947,3,No,9136.0,No,Male,,Bad,Rejected
18550.0,42534,104960,3,No,8022.0,Yes,Female,Graduate,Good,Approved
22022.0,164053,131309,3,Yes,12963.0,No,Male,Graduate,Good,Approved
12494.0,61665,117670,2,No,4525.0,No,Female,Graduate,Good,Rejected
15492.0,127157,139833,7,No,14333.0,No,Male,Graduate,Bad,Rejected
19178.0,20581,189117,7,No,6300.0,No,Female,Non-Graduate,Good,Approved
29933.0,125991,239476,2,No,17944.0,No,Male,Graduate,Bad,Rejected
19243.0,178595,144811,6,Yes,13929.0,Yes,Female,Graduate,Good,Approved
14823.0,36408,136219,7,No,14480.0,No,Female,Graduate,Good,Rejected
9735.0,26737,56840,0,No,3292.0,No,Female,Graduate,Bad,Rejected
13322.0,81264,70410,7,No,12254.0,No,Female,Graduate,Bad,Rejected
18992.0,72847,179374,5,Yes,10960.0,No,Male,Non-Graduate,Good,Approved
8719.0,132663,89326,4,No,2764.0,No,Male,Graduate,Good,Rejected
29548.0,131886,187981,1,No,29886.0,No,Female,Non-Graduate,Bad,Rejected
18931.0,97720,209799,6,No,12673.0,No,Female,Non-Graduate,Good,Approved
12673.0,50069,143859,0,Yes,6355.0,No,Male,Graduate,Bad,Rejected
11420.0,48447,106322,6,Yes,3958.0,Yes,Male,Graduate,Good,Approved
14151.0,128177,121246,4,No,14628.0,No,Male,Graduate,Good,Rejected
,187710,67540,4,No,2336.0,No,Female,Non-Graduate,Good,Rejected
17173.0,89186,155256,6,Yes,12527.0,No,Female,Non-Graduate,Good,Approved
17757.0,65155,119071,6,No,7345.0,No,Female,,,Rejected
17039.0,35954,163405,7,No,10284.0,No,Female,Graduate,Bad,Rejected
16938.0,67957,122266,4,No,5303.0,Yes,Female,Graduate,Good,Approved
26949.0,9077,140284,6,Yes,8209.0,No,Male,Non-Graduate,Bad,Approved
22879.0,64772,131838,5,No,18135.0,No,Male,Graduate,Bad,Rejected
9360.0,12984,61570,0,Yes,7758.0,No,Male,Non-Graduate,Bad,Rejected
26271.0,39809,213883,1,No,17296.0,No,Male,Graduate,Good,Approved
13002.0,90600,133105,0,No,4146.0,No,Male,Graduate,Bad,Rejected
24457.0,64323,230575,3,Yes,13458.0,Yes,Female,Graduate,Good,Approved
5698.0,107309,35146,5,No,4529.0,No,Male,Non-Graduate,Good,Rejected
14208.0,137855,98344,4,No,7473.0,No,Female,Graduate,Good,Rejected
22154.0,152499,250541,7,No,18566.0,Yes,Male,Graduate,Bad,Rejected
9495.0,35367,100121,5,Yes,9107.0,No,Female,Non-Graduate,Bad,Rejected
24174.0,11246,250917,1,No,13007.0,No,Male,Graduate,Good,Approved
14692.0,67584,115113,2,No,7317.0,Yes,Female,Non-Graduate,Good,Rejected
16704.0,64772,105875,0,Yes,7734.0,No,Female,Non-Graduate,Good,Approved
22532.0,81994,237315,3,No,22780.0,Yes,Female,Graduate,Good,Approved
16494.0,59201,145798,0,No,14247.0,No,Female,Graduate,Bad,Rejected
16111.0,39224,107084,4,No,17732.0,No,Male,Graduate,Good,Approved
25602.0,37219,150093,2,No,11576.0,Yes,Female,Graduate,Good,Approved
28944.0,155834,324917,7,Yes,11717.0,Yes,Female,Non-Graduate,,Approved
11184.0,196513,73511,7,No,11983.0,No,Female,Non-Graduate,Good,Rejected
28321.0,157661,298053,5,No,11249.0,No,Female,Non-Graduate,Good,Rejected
6679.0,15048,53232,5,No,3945.0,No,Female,Non-Graduate,Good,Rejected
28629.0,83807,288474,5,No,17044.0,Yes,Male,Non-Graduate,Good,Approved
10988.0,35435,122611,1,Yes,8487.0,No,Male,Graduate,Good,Approved
16837.0,8007,86233,6,No,7947.0,No,Female,Graduate,Bad,Rejected
8561.0,101834,81158,5,No,4193.0,No,Female,Non-Graduate,Good,Rejected
9465.0,89563,54092,4,No,5075.0,Yes,Female,Graduate,Bad,Rejected
10301.0,46600,80263,3,No,4905.0,No,Female,Graduate,Good,Rejected
26870.0,13234,257550,6,Yes,24538.0,Yes,Male,Non-Graduate,Bad,Approved
25914.0,97768,275812,1,Yes,,No,Male,Graduate,Bad,Approved
27415.0,170182,325487,0,No,9361.0,Yes,Female,Graduate,Bad,Rejected
22453.0,155232,210960,7,Yes,8373.0,Yes,Female,Graduate,Bad,Approved
10759.0,142766,65069,5,No,12560.0,No,Female,Graduate,Bad,Rejected
15627.0,76323,158574,0,No,9358.0,No,Female,Graduate,Good,Approved
15677.0,131026,85310,3,No,8918.0,No,Male,Graduate,Bad,Rejected
26959.0,154782,256057,3,No,25739.0,No,Female,Non-Graduate,Good,Approved
20147.0,132997,166010,2,No,11186.0,Yes,Male,Non-Graduate,Good,Approved
9544.0,20953,102700,3,Yes,6689.0,No,Male,Graduate,Good,Approved
24870.0,33742,128186,2,No,8969.0,No,Male,Non-Graduate,Good,Approved
6734.0,168502,68173,0,Yes,5671.0,No,Male,Non-Graduate,Good,Approved
25530.0,55961,172073,5,No,14718.0,No,Male,Non-Graduate,Bad,Rejected
28322.0,185914,152739,0,No,26357.0,No,Male,Graduate,Good,Approved
17183.0,52853,139128,3,No,14950.0,No,Female,Graduate,Bad,Rejected
24830.0,186240,240873,7,Yes,25626.0,No,Female,Graduate,Good,Approved
16479.0,183341,173385,1,No,17741.0,No,Female,Graduate,Good,Approved
22868.0,140256,117143,6,No,11696.0,Yes,Female,Graduate,Good,Approved
28599.0,137023,239067,2,No,28661.0,No,Male,Graduate,Good,Approved
24255.0,185374,184423,0,No,8465.0,No,Male,Graduate,Good,Approved
13433.0,122177,115496,3,No,6921.0,No,Female,Graduate,Good,Rejected
20636.0,126944,158203,2,No,16486.0,No,Male,Graduate,Bad,Rejected
26508.0,79083,146315,5,Yes,14665.0,Yes,Male,Graduate,Bad,Approved
28322.0,190279,172570,4,No,26094.0,Yes,Female,Non-Graduate,Bad,Rejected
12079.0,142736,93573,4,No,5095.0,No,Female,Graduate,Good,Rejected
17913.0,181532,186959,2,Yes,18214.0,No,Male,Graduate,Bad,Approved
18923.0,160701,147907,0,Yes,14028.0,No,Female,Non-Graduate,Good,Approved
25817.0,59676,189367,2,Yes,24633.0,No,Male,Graduate,Good,Approved
7433.0,191076,68033,6,No,8223.0,No,Male,Non-Graduate,Bad,Rejected
13175.0,144059,112637,5,No,4255.0,No,Male,Non-Graduate,Good,Rejected
6015.0,2719,48646,1,No,5225.0,No,Female,Graduate,Good,Rejected
5404.0,163038,33407,6,No,4741.0,No,Female,Non-Graduate,Good,Rejected
15729.0,146430,80592,7,No,15640.0,No,Male,Graduate,Good,Approved
7489.0,180553,43253,5,No,5342.0,No,Female,Non-Graduate,Bad,Rejected
22749.0,96122,142149,7,No,7672.0,No,Male,Non-Graduate,Good,Rejected
6267.0,187210,49689,7,No,2311.0,No,Male,Non-Graduate,Bad,Rejected
14789.0,131994,119305,3,No,6193.0,No,Female,Non-Graduate,Bad,Rejected
6930.0,109945,38872,6,No,5938.0,No,Male,Non-Graduate,Good,Rejected
7048.0,138563,83578,7,Yes,3581.0,No,Male,Graduate,Good,Rejected
12056.0,128301,142954,4,No,11539.0,No,Female,Non-Graduate,Good,Rejected
25852.0,2396,168364,0,No,23171.0,No,Female,Graduate,Bad,Approved
16470.0,144097,104400,4,No,10896.0,No,Male,Graduate,Good,Rejected
28792.0,176630,166756,5,Yes,15890.0,Yes,Male,Graduate,Good,Approved
18168.0,67526,147142,2,No,7445.0,Yes,Female,Graduate,Bad,Rejected
7143.0,54620,77714,0,No,3210.0,No,Male,Graduate,Bad,Rejected
17161.0,94457,96841,7,Yes,16612.0,No,Female,Graduate,,Approved
13662.0,106532,90058,7,Yes,4278.0,No,Female,Non-Graduate,Good,Rejected
5769.0,72274,46557,2,No,5599.0,No,Male,Graduate,Good,Rejected
19039.0,172904,138259,4,Yes,13587.0,Yes,Male,Non-Graduate,Good,Approved
7869.0,173532,44234,1,No,9403.0,No,Male,Non-Graduate,Bad,Rejected
7811.0,167316,74409,4,Yes,6024.0,No,Male,Graduate,Good,Rejected
13924.0,122744,131761,0,No,12351.0,Yes,Male,Graduate,Bad,Rejected
13150.0,39499,153023,2,No,14436.0,No,Male,Non-Graduate,Good,Approved
6306.0,102916,55617,6,No,3479.0,No,Female,Graduate,Bad,Rejected
10892.0,139639,58401,7,No,5560.0,No,Female,Non-Graduate,Bad,Rejected
19397.0,27788,126477,0,Yes,17218.0,Yes,Female,Non-Graduate,Good,Approved
8440.0,158417,87022,0,Yes,2888.0,No,Male,Graduate,Good,Approved
8627.0,66656,65821,1,Yes,3856.0,No,Female,Graduate,Good,Approved
9499.0,46163,71895,3,Yes,8601.0,No,Male,Non-Graduate,Bad,Rejected
24129.0,11303,169726,3,No,23219.0,No,Male,Graduate,Bad,Approved
6214.0,190792,55515,3,No,2037.0,No,Female,Graduate,Good,Rejected
27700.0,88801,299023,0,Yes,23940.0,Yes,Female,Non-Graduate,Good,Approved
9312.0,116953,49808,3,Yes,9728.0,No,Male,Non-Graduate,Good,Approved
10870.0,112360,122182,7,No,8520.0,Yes,Female,Non-Graduate,Good,Rejected
14435.0,131132,95197,6,No,14745.0,No,Male,Non-Graduate,Good,Rejected
28333.0,52326,189037,3,No,17763.0,Yes,Male,Non-Graduate,Bad,Approved
26777.0,4324,251740,7,No,22956.0,No,Female,Non-Graduate,Good,Approved
11238.0,82970,121171,7,No,10183.0,No,Male,Non-Graduate,Bad,Rejected
17383.0,167527,159997,1,No,19716.0,No,Male,Graduate,Bad,Rejected
9858.0,31598,66150,2,No,11470.0,No,Female,Graduate,Good,Rejected
24541.0,5408,141448,1,No,8729.0,Yes,Female,Graduate,Good,Approved
,23275,41099,4,No,7406.0,No,Female,Graduate,Good,Rejected
25633.0,100424,140494,2,No,23342.0,Yes,Male,Graduate,,Approved
15555.0,169182,132745,1,No,16494.0,Yes,Male,,Bad,Approved
20034.0,74441,210502,5,Yes,23212.0,No,Male,Graduate,Good,Approved
19124.0,85708,133811,5,Yes,9773.0,No,Female,Non-Graduate,Good,Approved
12253.0,54912,138364,7,No,8022.0,No,Female,Graduate,Good,Rejected
25527.0,152876,282835,2,Yes,26383.0,No,Female,Non-Graduate,Good,Approved
19098.0,150322,129320,0,No,6384.0,No,Male,Graduate,,Approved
27671.0,36368,165816,5,No,24544.0,No,Male,Graduate,Bad,Rejected
18428.0,154946,186622,5,No,10098.0,No,Male,Non-Graduate,Bad,Rejected
14550.0,97883,107417,3,No,8945.0,No,Male,Graduate,Good,Rejected
27912.0,90474,241762,7,No,11026.0,No,Female,Non-Graduate,Bad,Rejected
11396.0,76090,126527,5,No,7094.0,No,Female,Graduate,Good,Rejected
9432.0,64288,110267,5,No,9393.0,No,Male,Graduate,Bad,Rejected
27998.0,23752,209415,2,No,29394.0,Yes,Female,Non-Graduate,Bad,Approved
24262.0,6154,126854,5,Yes,22269.0,No,Male,Non-Graduate,Bad,Approved
12679.0,187445,113680,5,No,15087.0,No,Female,Graduate,,Rejected
,109777,209355,2,Yes,8631.0,Yes,Male,Non-Graduate,Good,Approved
29118.0,158211,190546,3,No,26534.0,No,Female,Non-Graduate,Good,Approved
7125.0,125816,57831,4,Yes,,No,Male,Graduate,Good,Rejected
23711.0,34911,153739,5,No,8517.0,No,Female,Graduate,Good,Approved
11966.0,190124,131828,0,No,11456.0,No,Female,Graduate,Good,Rejected
20745.0,169631,196605,2,No,11209.0,Yes,Male,,Good,Approved
29285.0,7813,254136,7,No,31443.0,Yes,Male,Non-Graduate,Good,Approved
18116.0,155650,137653,0,No,20239.0,Yes,Male,Graduate,Good,Approved
19489.0,152267,112553,0,No,19584.0,Yes,Male,Graduate,Good,Approved
12526.0,186252,77399,1,No,12315.0,No,Female,,Good,Rejected
26103.0,29241,261905,4,No,12401.0,Yes,Female,Graduate,Bad,Approved
20781.0,199950,226640,3,No,23674.0,Yes,Female,Graduate,Good,Approved
18500.0,121789,220910,3,No,13916.0,No,Female,Graduate,Good,Approved
11809.0,48787,69931,3,No,12669.0,No,Female,Non-Graduate,Good,Approved
26164.0,123797,154597,4,Yes,15055.0,Yes,Female,Non-Graduate,Good,Approved
25358.0,185309,153694,3,No,7774.0,No,Male,Graduate,Good,Approved
21748.0,96347,211716,6,No,16989.0,No,Female,Graduate,Bad,Rejected
11374.0,41157,84622,3,No,10896.0,No,Female,Non-Graduate,Good,Rejected
20183.0,139783,238349,5,No,21553.0,No,Female,,Bad,Rejected
22247.0,165088,245879,5,Yes,12772.0,No,Female,Graduate,Good,Approved
18772.0,164134,162215,1,No,19351.0,No,Male,Non-Graduate,Bad,Rejected
6062.0,156075,53097,5,No,7240.0,No,Male,Graduate,Good,Rejected
14337.0,84082,81476,5,Yes,14723.0,No,Male,Non-Graduate,Good,Approved
11736.0,235,61488,1,Yes,12271.0,No,Female,Graduate,Good,Approved
18949.0,133515,183628,7,No,6457.0,No,Male,Non-Graduate,Good,Rejected
28803.0,145271,301322,0,Yes,,Yes,Female,Graduate,Good,Approved
13006.0,79767,97507,0,Yes,8979.0,No,Female,Non-Graduate,Good,Approved
23225.0,148843,243371,5,No,10184.0,No,Male,Non-Graduate,Good,Rejected
21921.0,120674,135792,2,No,18385.0,No,Male,Graduate,Good,Approved
26447.0,45648,289024,2,Yes,14265.0,No,Female,Non-Graduate,Good,Approved
12543.0,87312,133987,3,No,5044.0,No,Male,,Good,Rejected
28410.0,194692,251928,3,No,18391.0,No,Female,Graduate,Good,Approved
18964.0,24262,187434,7,Yes,11737.0,No,Female,Graduate,Good,Approved
27662.0,73698,155457,0,No,19267.0,No,Female,Graduate,Good,Approved
28897.0,122883,224489,7,No,9814.0,Yes,Male,,Bad,Rejected
20934.0,67728,226425,4,Yes,24145.0,No,Male,Graduate,Good,Approved
23070.0,173952,256832,3,No,17791.0,No,Male,Graduate,Good,Approved
27574.0,160081,265035,1,No,26891.0,No,Male,Graduate,Good,Approved
23237.0,101195,193723,5,Yes,9597.0,Yes,Female,Graduate,Bad,Approved
9330.0,89431,79054,3,No,6658.0,No,Male,Graduate,Good,Rejected
15357.0,87266,183001,0,No,18242.0,No,Female,Graduate,Good,Approved
9964.0,99616,74648,1,Yes,8714.0,No,Female,Graduate,Good,Approved
11265.0,125036,104604,0,No,4552.0,No,Male,Graduate,Good,Rejected
5384.0,165904,60733,2,No,4802.0,No,Male,Graduate,Good,Rejected
6899.0,72303,53969,2,No,2173.0,No,Female,Graduate,Bad,Rejected
25238.0,157729,273583,5,No,9314.0,Yes,Female,Graduate,Bad,Rejected
16174.0,163985,87950,4,No,10269.0,No,Female,Non-Graduate,Good,Rejected
20708.0,76589,189576,1,No,8067.0,No,Male,Graduate,Good,Approved
27581.0,180912,257057,6,No,20502.0,No,Female,Graduate,Bad,Rejected
18323.0,134092,193159,0,Yes,11886.0,No,Male,Non-Graduate,Good,Approved
28132.0,168270,236836,3,No,23580.0,No,Female,Non-Graduate,Bad,Rejected
12186.0,16371,76396,4,Yes,14219.0,No,Female,Non-Graduate,Good,Approved
11190.0,50106,80130,7,No,7231.0,Yes,Male,Graduate,Bad,Rejected
24216.0,151054,269271,4,Yes,18762.0,No,Female,Non-Graduate,Good,Approved
7911.0,184245,56282,0,No,8008.0,No,Male,Graduate,Good,Rejected
19552.0,110017,162129,4,No,17697.0,No,Female,Graduate,Good,Approved
14874.0,147313,101950,5,No,15261.0,No,Male,Non-Graduate,Good,Rejected
12343.0,194269,103585,0,No,6987.0,No,Female,Graduate,Good,Rejected
29242.0,150168,196185,0,Yes,30620.0,No,Male,Graduate,Bad,Approved
28802.0,78249,224127,1,No,,Yes,Female,Graduate,Good,Approved
,134502,281985,1,No,33304.0,No,Female,Graduate,Good,Approved
24856.0,138496,280672,1,No,8713.0,No,Female,Non-Graduate,Good,Approved
11833.0,185828,114782,5,No,8293.0,No,Male,Graduate,Good,Rejected
12043.0,163268,79837,0,No,14402.0,No,Male,Graduate,Good,Rejected
6931.0,11046,56517,6,Yes,3665.0,No,Male,Graduate,Good,Approved
29105.0,102974,344906,2,Yes,17522.0,Yes,Female,Graduate,Good,Approved
27361.0,73340,263525,3,No,12139.0,No,Male,Graduate,Bad,Rejected
7105.0,65160,41890,5,No,2909.0,No,Female,Non-Graduate,Good,Rejected
8900.0,104101,48517,2,No,9688.0,No,Female,Non-Graduate,Good,Rejected
16829.0,135044,94610,3,No,16000.0,No,Male,Graduate,Good,Approved
29394.0,43001,183646,2,Yes,26695.0,No,Male,Graduate,Bad,Approved
13754.0,103177,84107,6,No,7694.0,No,Male,Non-Graduate,Good,Rejected
26699.0,81182,157267,6,No,22763.0,Yes,Female,Non-Graduate,Bad,Rejected
29736.0,93607,305801,0,No,31335.0,No,Female,Graduate,Good,Approved
20707.0,67779,185204,4,No,9813.0,Yes,Male,,Bad,Rejected
24488.0,43925,190557,2,Yes,17361.0,No,Female,Graduate,Good,Approved
27928.0,27082,156683,0,No,10594.0,No,Female,,Good,Approved
10644.0,79273,109567,0,No,4066.0,No,Female,Graduate,Good,Rejected
25872.0,160359,171839,5,Yes,15691.0,Yes,Female,Graduate,Bad,Approved
27195.0,30087,309335,4,No,9081.0,No,Male,Non-Graduate,Good,Approved
25797.0,71907,219354,3,No,23847.0,Yes,Male,Graduate,Bad,Approved
15518.0,74859,169049,1,No,8648.0,No,Male,Non-Graduate,Bad,Rejected
26918.0,8070,254798,0,Yes,19317.0,Yes,Female,Graduate,Bad,Approved
12158.0,94270,112127,2,No,8148.0,No,Male,Graduate,Bad,Rejected
12455.0,162491,72914,6,No,6343.0,Yes,Male,Graduate,,Rejected
20265.0,167231,198950,3,Yes,,No,Female,Graduate,Good,Approved
26834.0,32154,195852,4,No,14314.0,No,Female,Non-Graduate,Bad,Rejected
12994.0,20103,138988,2,No,14549.0,No,Male,Non-Graduate,Good,Approved
18403.0,55029,159711,2,No,10539.0,No,Female,Graduate,Good,Approved
16774.0,55176,179653,4,Yes,15076.0,No,Male,Non-Graduate,Good,Approved
12206.0,111496,125474,0,No,13906.0,No,Female,Graduate,Good,Rejected
28061.0,65455,312618,1,No,26672.0,No,Female,Graduate,Good,Approved
,7314,93644,4,No,4680.0,Yes,Female,Graduate,Good,Rejected
,167516,172134,6,No,30261.0,No,Female,,Bad,Rejected
9976.0,114682,64527,6,Yes,3749.0,No,Male,Non-Graduate,Good,Rejected
21521.0,128386,229236,1,No,24111.0,No,Female,Graduate,Good,Approved
15965.0,121101,144655,1,No,9164.0,No,Male,Graduate,Bad,Rejected
26364.0,105373,191264,3,No,27929.0,Yes,Female,Graduate,Bad,Approved
16093.0,139777,185956,6,No,12809.0,No,Male,,Good,Approved
15136.0,68344,117078,4,Yes,6609.0,Yes,Female,Graduate,Good,Approved
18216.0,164202,187237,0,Yes,12289.0,No,Female,Graduate,Good,Approved
10645.0,105595,66862,1,No,8842.0,No,Male,,Bad,Rejected
29071.0,192860,271796,6,No,33075.0,No,Male,Non-Graduate,Bad,Rejected
19555.0,76325,149801,3,No,7822.0,Yes,Female,Non-Graduate,Good,Approved
16130.0,143748,164872,6,No,15439.0,Yes,Male,Graduate,Good,Approved
14911.0,169899,140128,0,Yes,14489.0,No,Male,Graduate,,Approved
28959.0,140588,173369,4,No,23215.0,Yes,Female,Graduate,Bad,Rejected
13702.0,128232,103336,1,No,5876.0,No,Female,Non-Graduate,Good,Rejected
5666.0,52098,36993,0,Yes,1708.0,No,Female,Graduate,Bad,Rejected
19512.0,45084,150510,3,No,7868.0,No,Female,Graduate,Good,Approved
22715.0,22042,271267,2,Yes,13076.0,No,Female,Graduate,Bad,Approved
12483.0,161633,131181,6,No,6086.0,No,Male,Graduate,Good,Rejected
11102.0,66358,102633,2,No,9991.0,No,Male,Graduate,Good,Rejected
18623.0,22431,219665,0,Yes,7629.0,No,Male,Graduate,Good,Approved
13130.0,163993,116165,4,No,7566.0,No,Male,Graduate,Good,Rejected
23343.0,68244,241987,6,No,8962.0,Yes,Male,Non-Graduate,Good,Approved
8636.0,61246,50291,0,No,9363.0,No,Female,Graduate,Bad,Rejected
,51693,123090,1,No,18162.0,No,Male,Non-Graduate,Good,Approved
21943.0,152864,210943,6,No,17609.0,No,Male,Non-Graduate,Bad,Rejected
5391.0,42929,64189,4,Yes,5075.0,No,Male,Graduate,Good,Approved
11588.0,73781,76209,7,No,11243.0,No,Female,Graduate,Bad,Rejected
9931.0,188014,77455,1,No,3247.0,No,Male,Graduate,Good,Rejected
27625.0,182047,199022,4,Yes,31215.0,No,Female,Non-Graduate,Good,Approved
25150.0,113824,245178,6,No,28551.0,Yes,Female,Non-Graduate,Bad,Rejected
26677.0,179352,242903,0,Yes,17824.0,No,Female,Graduate,Good,Approved
6060.0,73506,36293,7,No,,No,Male,Non-Graduate,Bad,Rejected
13172.0,112755,69526,1,No,9027.0,No,Male,Graduate,Good,Rejected
21633.0,77475,223189,6,Yes,22128.0,No,Female,Graduate,Good,Approved
24894.0,91751,294672,2,No,17427.0,No,Female,Graduate,Good,Approved
,49138,53037,2,No,2983.0,No,Male,Graduate,Good,Rejected
24065.0,128583,263971,3,No,19976.0,No,Male,Graduate,Good,Approved
7961.0,93501,60030,2,Yes,3467.0,No,Male,Graduate,Bad,Rejected
29244.0,32413,296783,7,No,30104.0,Yes,Male,Non-Graduate,Good,Approved
5784.0,116243,44567,7,No,6813.0,No,Male,Graduate,Good,Rejected
9300.0,169230,54888,3,No,3318.0,No,Male,Graduate,Good,Rejected
15188.0,7287,166637,1,Yes,6314.0,No,Male,Graduate,Good,Approved
12996.0,110904,90425,7,No,13532.0,No,Male,Non-Graduate,Good,Rejected
11546.0,124085,130945,5,No,8578.0,No,Female,Graduate,Good,Rejected
29504.0,126267,230952,5,No,18420.0,Yes,Male,Graduate,Bad,Rejected
12400.0,61916,106277,4,No,4288.0,No,Female,Graduate,Good,Rejected
22101.0,85431,118674,2,No,13233.0,No,Male,Graduate,Bad,Rejected
19075.0,57761,103180,4,No,17072.0,Yes,Male,Non-Graduate,Good,Approved
5301.0,162893,38473,6,No,3803.0,No,Male,Graduate,Good,Rejected
22364.0,121300,186861,6,No,14049.0,No,Female,Graduate,Good,Approved
12392.0,76077,115511,5,Yes,9802.0,No,Female,Non-Graduate,Bad,Rejected
25028.0,172760,136472,5,Yes,27273.0,Yes,Female,,Good,Approved
10989.0,76242,118050,6,No,4111.0,No,Female,Non-Graduate,Good,Rejected
11799.0,101332,69991,6,No,5456.0,No,Female,Graduate,Good,Rejected
8436.0,78623,72109,4,Yes,7427.0,No,Male,Graduate,Good,Rejected
14662.0,176492,170023,4,No,8555.0,Yes,Female,Non-Graduate,Bad,Rejected
9491.0,24574,57354,3,No,8718.0,No,Male,,Good,Rejected
8086.0,50861,67201,0,No,8304.0,No,Female,Non-Graduate,Good,Rejected
26969.0,182099,177576,0,No,28047.0,No,Female,Graduate,Good,Approved
22144.0,136848,260495,0,No,14828.0,Yes,Female,Graduate,,Approved
5728.0,69346,28715,1,Yes,6814.0,No,Female,Non-Graduate,Good,Approved
24198.0,175641,192152,1,Yes,25129.0,No,Female,Graduate,Good,Approved
23017.0,191533,204960,2,No,23374.0,No,Female,Graduate,Bad,Rejected
6167.0,109996,53295,0,No,5248.0,No,Male,Non-Graduate,Bad,Rejected
15176.0,27083,109243,4,No,13387.0,No,Male,Non-Graduate,Good,Approved
27116.0,193624,177540,2,Yes,8484.0,No,Female,Non-Graduate,Good,Approved
22660.0,183720,126339,3,No,17708.0,No,Female,Non-Graduate,Good,Approved
29690.0,137809,275629,3,No,14095.0,No,Male,Graduate,Good,Approved
28833.0,149859,297048,3,No,16779.0,Yes,Male,Graduate,Bad,Approved
29253.0,20128,266754,6,No,21008.0,No,Female,Graduate,Good,Approved
12777.0,52329,80451,5,No,12664.0,No,Male,Graduate,Good,Rejected
25652.0,26172,136267,7,No,28749.0,No,Male,Non-Graduate,Bad,Rejected
23141.0,135090,249642,2,Yes,15689.0,No,Female,Non-Graduate,Bad,Approved
15457.0,28145,181137,1,No,15570.0,Yes,Female,Graduate,Bad,Approved
26042.0,1605,145071,3,No,12599.0,Yes,Female,Graduate,Bad,Approved
14540.0,57134,110968,6,No,,Yes,Male,Graduate,Good,Rejected
,71324,104708,7,No,4558.0,No,Male,,Good,Rejected
14348.0,188847,145421,6,No,6644.0,No,Male,Non-Graduate,Bad,Rejected
26833.0,12857,256399,2,No,14223.0,Yes,Male,Graduate,Good,Approved
20254.0,26029,206139,3,Yes,17670.0,No,Female,Non-Graduate,Good,Approved
22461.0,57372,152291,5,No,19372.0,No,Female,Graduate,Bad,Rejected
15488.0,161087,139600,5,No,7889.0,No,Male,Non-Graduate,Good,Rejected
22640.0,81121,263286,6,Yes,15675.0,No,Male,Graduate,Bad,Approved
26243.0,5287,157990,2,No,28978.0,Yes,Female,Graduate,Bad,Approved
29107.0,70342,298996,6,No,30664.0,No,Female,Graduate,Good,Approved
13004.0,104263,91898,2,Yes,11366.0,No,Female,Non-Graduate,Bad,Rejected
24087.0,41873,285758,3,No,19777.0,No,Male,Graduate,Bad,Approved
14817.0,142194,116964,1,No,17145.0,No,Male,Graduate,Bad,Rejected
6810.0,182020,36780,5,No,4069.0,No,Female,Non-Graduate,Good,Rejected
20979.0,16725,178223,1,No,14829.0,No,Female,Graduate,Good,Approved
9000.0,58053,61281,4,No,9716.0,No,Female,Graduate,Good,Rejected
27711.0,5626,150017,0,No,13837.0,Yes,Male,Graduate,Good,Approved
26616.0,84291,178925,0,No,17751.0,No,Female,Graduate,Good,Approved
27238.0,2198,293527,0,No,32555.0,Yes,Male,Graduate,Bad,Approved
19512.0,92241,146275,6,No,9481.0,Yes,Female,Graduate,Good,Approved
24117.0,172946,159844,1,No,13910.0,No,Male,Graduate,Bad,Rejected
19837.0,19623,146366,5,No,5967.0,No,Female,Graduate,Good,Approved
13427.0,123786,144135,2,No,11742.0,No,Male,Graduate,Good,Rejected
22082.0,126205,257975,0,No,12823.0,Yes,Male,Graduate,Bad,Approved
26575.0,137240,306845,1,No,8732.0,Yes,Male,Graduate,Good,Approved
12312.0,196154,108517,1,No,3966.0,No,Female,Non-Graduate,Good,Rejected
26972.0,141888,320259,2,No,19983.0,Yes,Female,Graduate,Good,Approved
17891.0,34531,180908,1,Yes,17489.0,No,Female,Graduate,Good,Approved
26352.0,183465,154765,1,No,9219.0,No,Female,Non-Graduate,Good,Approved
14588.0,152826,115623,5,No,6704.0,No,Female,Non-Graduate,Good,Rejected
21347.0,143326,207746,6,No,7712.0,No,Female,,Bad,Rejected
9910.0,94377,92866,4,No,8428.0,No,Male,Graduate,Good,Rejected
13691.0,40042,136117,2,Yes,6874.0,Yes,Male,Graduate,Good,Approved
12208.0,132414,142102,5,No,14025.0,No,Female,Non-Graduate,Good,Rejected
15344.0,75418,94553,5,No,9073.0,No,Male,Graduate,Bad,Rejected
16003.0,46542,189745,4,Yes,8484.0,Yes,Female,Graduate,Bad,Approved
20305.0,24070,150189,7,No,21712.0,No,Female,Graduate,Good,Approved
21538.0,103145,107740,2,No,11847.0,No,Female,Graduate,Good,Approved
8343.0,143184,68693,5,Yes,6031.0,No,Female,Graduate,Good,Rejected
13792.0,9111,143079,4,No,15657.0,No,Male,Non-Graduate,Good,Rejected
5189.0,116148,38015,4,No,5114.0,No,Male,Graduate,Good,Rejected
10713.0,153606,95408,0,No,4021.0,No,Male,Graduate,Bad,Rejected
19430.0,115374,137475,2,No,21064.0,No,Female,Non-Graduate,Bad,Rejected
,40631,61897,6,No,2762.0,No,Female,Graduate,Good,Rejected
13110.0,150354,77089,6,Yes,9795.0,No,Female,Graduate,Bad,Rejected
13666.0,17260,109814,2,Yes,15327.0,No,Male,Non-Graduate,Good,Approved
9854.0,170286,74128,0,No,9121.0,No,Male,Non-Graduate,Good,Rejected
10791.0,17368,60725,4,No,3576.0,No,Female,Graduate,Good,Rejected
14204.0,116021,158761,0,Yes,8038.0,Yes,Male,Graduate,Good,Approved
29275.0,97624,172247,5,No,32804.0,Yes,Female,Non-Graduate,Good,Approved
21990.0,113453,133623,3,No,16026.0,No,Female,Graduate,Good,Approved
7049.0,176837,57241,2,No,6564.0,No,Female,Graduate,Good,Rejected
24190.0,138155,193818,7,No,15947.0,Yes,Male,Graduate,Good,Approved
11313.0,193283,118538,2,No,10835.0,No,Female,Graduate,Bad,Rejected
6816.0,16032,79539,1,No,4657.0,No,Female,Graduate,Good,Rejected
,96443,229394,3,No,16866.0,No,Male,Non-Graduate,Good,Approved
17775.0,114130,101985,2,No,,No,Male,Graduate,Good,Approved
28769.0,20611,291438,7,No,23270.0,No,Female,Non-Graduate,Good,Approved
13226.0,46514,109255,0,No,,No,Male,Graduate,Good,Approved
12987.0,35737,151864,0,No,6206.0,No,Male,Non-Graduate,Bad,Rejected
23540.0,24951,137865,7,No,11188.0,No,Male,Non-Graduate,Bad,Rejected
24115.0,58596,284838,6,No,16588.0,No,Male,Graduate,Bad,Rejected
22302.0,49153,265101,3,No,26599.0,No,Female,Graduate,Good,Approved
18296.0,110616,92815,3,Yes,21883.0,Yes,Male,Non-Graduate,Bad,Approved
8419.0,168639,61946,7,No,,No,Male,Non-Graduate,Good,Rejected
18013.0,46167,110847,0,Yes,9934.0,Yes,Female,Graduate,Bad,Approved
8152.0,97579,54215,3,No,5703.0,No,Female,,Bad,Rejected
23384.0,63852,176452,4,Yes,12643.0,No,Male,Non-Graduate,Good,Approved
21023.0,73479,175885,0,No,8915.0,Yes,Male,Graduate,Good,Approved
26500.0,127796,302914,3,No,8806.0,Yes,Male,Non-Graduate,Bad,Rejected
16394.0,144990,178418,4,Yes,13795.0,No,Male,Graduate,Good,Approved
21896.0,154222,177421,5,Yes,18250.0,No,Male,Graduate,Good,Approved
24554.0,84458,161204,5,No,14400.0,Yes,Male,Graduate,Bad,Rejected
26976.0,19029,206715,7,No,9320.0,No,Male,Non-Graduate,Bad,Rejected
9835.0,124165,116509,5,No,5780.0,No,Male,Graduate,Bad,Rejected
25080.0,77834,137913,5,No,15137.0,Yes,Male,Non-Graduate,Good,Approved
7193.0,153962,45814,5,No,6858.0,No,Male,Non-Graduate,Good,Rejected
16016.0,159818,83375,4,No,15955.0,No,Female,Graduate,Good,Approved
26499.0,33756,293203,5,Yes,28519.0,Yes,Male,Graduate,Good,Approved
9555.0,38565,49114,3,No,10629.0,No,Female,Graduate,Good,Rejected
15975.0,85956,148412,4,No,9232.0,No,Female,Graduate,Bad,Rejected
21517.0,43642,190172,2,Yes,16031.0,No,Female,Graduate,Good,Approved
6852.0,25931,72041,3,No,7040.0,No,Male,Graduate,Bad,Rejected
12400.0,19097,140599,0,Yes,4030.0,Yes,Female,Non-Graduate,Bad,Approved
14435.0,156497,100024,5,Yes,6704.0,No,Female,Graduate,Good,Rejected
16589.0,144790,157029,4,No,9141.0,No,Male,Graduate,Good,Rejected
25559.0,29192,216264,6,No,14470.0,No,Male,Non-Graduate,Good,Approved
21388.0,192468,146767,0,No,25392.0,No,Male,Graduate,Good,Approved
20328.0,121829,110834,6,No,15233.0,No,Female,Graduate,Good,Approved
11229.0,71626,121646,5,Yes,11901.0,Yes,Female,Non-Graduate,Bad,Rejected
20106.0,178589,144605,7,No,16888.0,Yes,Female,Graduate,Bad,Rejected
9673.0,137612,98340,3,No,9806.0,No,Male,Graduate,Bad,Rejected
28078.0,56264,223714,3,No,11836.0,No,Female,Non-Graduate,Good,Approved
6998.0,129038,79774,6,Yes,3966.0,No,Female,Non-Graduate,Bad,Rejected
12574.0,67506,113672,3,Yes,13481.0,No,Female,Non-Graduate,Good,Approved
7738.0,186833,73143,4,No,5212.0,No,Female,Graduate,Good,Rejected
18843.0,42520,189863,1,Yes,8444.0,No,Female,Graduate,Good,Approved
9014.0,118865,82568,6,No,4537.0,No,Male,Graduate,Good,Rejected
8709.0,157757,91530,2,Yes,5113.0,No,Male,Graduate,Bad,Rejected
23077.0,128575,246051,7,Yes,24954.0,No,Female,Graduate,Good,Approved
9809.0,91357,70994,1,Yes,5358.0,No,Male,Graduate,Good,Approved
27516.0,182828,141036,3,Yes,17085.0,No,Female,Graduate,Bad,Approved
26847.0,157686,281156,3,No,21282.0,Yes,Male,Graduate,Good,Approved
15636.0,143254,137235,5,Yes,9951.0,No,Male,Non-Graduate,Good,Approved
24778.0,6150,267734,0,No,13158.0,Yes,Female,Non-Graduate,Good,Approved
20795.0,104592,193731,0,No,10847.0,No,Female,Graduate,Good,Approved
23777.0,54615,223105,4,No,8695.0,No,Male,Graduate,Good,Rejected
24729.0,56985,228211,5,Yes,8785.0,No,Female,Non-Graduate,Bad,Rejected
8913.0,37641,47925,0,No,8992.0,No,Female,Non-Graduate,Good,Rejected
9297.0,1917,88924,0,No,10894.0,No,Female,Graduate,Good,Rejected
25147.0,14382,218436,0,No,15387.0,No,Male,Graduate,Good,Approved
8005.0,116421,67665,7,No,4388.0,No,Male,Graduate,Bad,Rejected
6581.0,86206,44674,0,Yes,6004.0,No,Female,Graduate,,Approved
28388.0,178376,223837,4,No,17708.0,Yes,Male,Graduate,Bad,Rejected
29376.0,90093,193948,5,No,32811.0,Yes,Female,Graduate,Bad,Rejected
7491.0,153252,47882,5,No,2659.0,No,Female,Non-Graduate,Good,Rejected
28723.0,199908,244377,2,Yes,18696.0,No,Male,Non-Graduate,Bad,Approved
22262.0,140937,180192,0,No,7541.0,Yes,Female,Non-Graduate,Good,Approved
13050.0,119614,135461,2,No,5410.0,No,Female,Non-Graduate,Bad,Rejected
,26385,81077,7,Yes,7126.0,No,Female,Graduate,Good,Approved
25764.0,106896,177393,7,No,20320.0,No,Female,Graduate,Good,Approved
19373.0,40806,214125,2,No,11361.0,No,Female,Graduate,Good,Approved
29098.0,69274,338306,2,No,33128.0,No,Male,Non-Graduate,Bad,Rejected
24315.0,126,256616,1,No,28853.0,No,Male,Graduate,Bad,Approved
16363.0,12910,171595,0,No,13368.0,No,Female,Graduate,Good,Approved
7200.0,164791,38637,2,Yes,7345.0,No,Male,Non-Graduate,Good,Approved
10073.0,6640,87323,6,No,9882.0,No,Male,Non-Graduate,Good,Rejected
22568.0,148399,134829,2,Yes,9198.0,No,Female,Non-Graduate,Good,Approved
6802.0,13224,56526,7,Yes,6728.0,No,Female,Graduate,Good,Approved
26020.0,24519,287913,6,No,13610.0,No,Male,Graduate,Bad,Rejected
12239.0,24860,139860,7,No,6859.0,No,Male,Non-Graduate,Good,Rejected
15267.0,9078,139480,5,No,14320.0,No,Female,Graduate,Good,Approved
6062.0,33933,46157,5,No,1909.0,No,Male,,Bad,Rejected
28524.0,144353,313710,0,No,32334.0,Yes,Female,Non-Graduate,Good,Approved
10949.0,57492,84355,2,Yes,3698.0,No,Male,Graduate,Good,Approved
6531.0,176076,32788,2,No,3046.0,No,Male,Graduate,Good,Rejected
25454.0,155130,300236,4,Yes,12235.0,Yes,Male,Non-Graduate,Good,Approved
22100.0,63888,216757,3,Yes,7896.0,Yes,Female,Graduate,Good,Approved
5197.0,27632,59371,2,No,3590.0,No,Female,Graduate,Bad,Rejected
25491.0,87833,257347,1,No,21993.0,No,Female,Graduate,Good,Approved
25645.0,52930,141270,6,No,15220.0,Yes,Male,Non-Graduate,Bad,Rejected
22450.0,29711,162547,6,No,12460.0,No,Male,Non-Graduate,Good,Approved
6324.0,158448,71634,4,No,3345.0,No,Male,Graduate,Bad,Rejected
28776.0,32265,264031,0,Yes,16074.0,Yes,Male,Graduate,Bad,Approved
9804.0,49708,72604,3,Yes,10761.0,No,Female,Graduate,Bad,Rejected
9748.0,173946,51216,1,No,3458.0,No,Male,Graduate,Bad,Rejected
18417.0,167469,213633,7,No,7368.0,No,Male,Graduate,Bad,Rejected
14580.0,165229,117314,4,No,6982.0,No,Female,Non-Graduate,Bad,Rejected
24531.0,132596,265271,2,Yes,11668.0,No,Female,Graduate,Good,Approved
28483.0,53441,340227,5,No,32646.0,Yes,Male,Graduate,Bad,Rejected
22019.0,160445,211621,4,No,17014.0,No,Female,Non-Graduate,Good,Approved
18479.0,159007,115755,6,No,19261.0,No,Male,,Good,Approved
24758.0,11745,280694,1,No,22504.0,Yes,Female,Graduate,Bad,Approved
6353.0,41755,56172,3,No,6843.0,No,Female,Non-Graduate,Good,Rejected
23895.0,34560,205645,4,No,9946.0,Yes,Male,Graduate,Bad,Rejected
10051.0,185625,83975,0,No,4447.0,No,Female,Graduate,Good,Rejected
10592.0,133554,86833,6,No,11183.0,No,Male,Non-Graduate,Good,Rejected
8051.0,40809,76666,7,No,8738.0,No,Male,Graduate,Good,Rejected
19820.0,11302,191635,2,Yes,6118.0,No,Male,Non-Graduate,Bad,Approved
11616.0,63731,83471,4,Yes,7437.0,No,Female,Graduate,Bad,Rejected
18568.0,51195,96107,4,No,16793.0,No,Male,Graduate,Good,Approved
11776.0,174944,95514,3,No,7051.0,No,Female,Non-Graduate,Good,Rejected
7975.0,86925,57388,6,Yes,7693.0,No,Male,Graduate,Good,Rejected
12266.0,197744,114004,4,No,12127.0,No,Female,Graduate,Bad,Rejected
17533.0,132351,113653,0,No,6018.0,No,Male,Graduate,Good,Approved
6081.0,184374,72472,5,No,5537.0,No,Female,Graduate,Bad,Rejected
11893.0,129948,80864,4,No,,No,Female,Graduate,Good,Rejected
10320.0,105228,106388,5,Yes,5041.0,No,Male,Graduate,Good,Rejected
14637.0,62823,138775,6,Yes,12189.0,Yes,Male,Non-Graduate,Bad,Rejected
9846.0,124988,117540,7,No,7991.0,No,Male,Non-Graduate,Good,Rejected
29538.0,161595,200254,4,Yes,14127.0,Yes,Male,Non-Graduate,Good,Approved
20368.0,168645,207344,1,No,17710.0,No,Female,Non-Graduate,Bad,Rejected
11941.0,78797,116683,7,No,6851.0,No,Female,,Good,Rejected
10276.0,194148,69544,1,No,5276.0,No,Male,Graduate,Good,Rejected
19434.0,64929,195310,3,Yes,12909.0,No,Male,Graduate,Bad,Approved
29276.0,190455,227668,6,Yes,17124.0,No,Female,Graduate,,Approved
27075.0,48756,185760,1,No,31053.0,Yes,Female,Graduate,Good,Approved
8987.0,179374,45012,6,No,3356.0,No,Male,Non-Graduate,Good,Rejected
28664.0,130330,229771,7,No,33778.0,No,Male,,Good,Approved
28411.0,177900,271665,2,No,18673.0,Yes,Male,Graduate,Bad,Approved
18067.0,136487,164277,5,Yes,11635.0,No,Female,Graduate,Good,Approved
18584.0,125341,176614,5,No,18386.0,Yes,Female,Graduate,Good,Approved
10311.0,194053,98491,6,No,10460.0,No,Male,Non-Graduate,Good,Rejected
26233.0,7657,181795,7,No,24255.0,No,Female,Non-Graduate,Good,Approved
15805.0,180448,124720,6,No,12654.0,No,Female,Graduate,Good,Approved
7027.0,167330,69832,2,Yes,3843.0,No,Male,,Good,Approved
7385.0,57545,44833,0,No,3224.0,No,Male,Graduate,Bad,Rejected
11996.0,145360,96550,3,No,6922.0,No,Female,Graduate,Good,Rejected
15893.0,99608,124499,4,No,17986.0,Yes,Female,Non-Graduate,Good,Approved
21216.0,93070,196009,0,No,15921.0,Yes,Male,Graduate,Good,Approved
